{"cameraMode":{"drawMode":0,"name":"Shaded","section":"Shading Mode"},"sceneLighting":true,"audioPlay":false,"sceneViewState":{"showFog":true,"showMaterialUpdate":false,"showSkybox":true,"showFlares":true,"showImageEffects":true,"showParticleSystems":true},"in2DMode":false,"pivot":{"x":0.12403678894042969,"y":-0.050411224365234378,"z":-0.09440994262695313},"rotation":{"x":0.16048750281333924,"y":0.37967169284820559,"z":-0.06706012785434723,"w":0.9086237549781799},"size":18.21182632446289,"orthographic":true}