{"cameraMode":{"drawMode":0,"name":"Shaded","section":"Shading Mode"},"sceneLighting":true,"audioPlay":false,"sceneViewState":{"showFog":true,"showMaterialUpdate":false,"showSkybox":true,"showFlares":true,"showImageEffects":true,"showParticleSystems":true},"in2DMode":false,"pivot":{"x":-0.7027238607406616,"y":0.6148941516876221,"z":-3.799943447113037},"rotation":{"x":0.13391435146331788,"y":-0.20794838666915894,"z":0.028752868995070459,"w":0.9685035347938538},"size":4.141211032867432,"orthographic":false}