{"cameraMode":{"drawMode":0,"name":"Shaded","section":"Shading Mode"},"sceneLighting":true,"audioPlay":false,"sceneViewState":{"showFog":true,"showMaterialUpdate":false,"showSkybox":true,"showFlares":true,"showImageEffects":true,"showParticleSystems":true},"in2DMode":false,"pivot":{"x":-3143.500732421875,"y":-379.27032470703127,"z":-382.5494384765625},"rotation":{"x":-0.055876974016427997,"y":0.7233366966247559,"z":-0.05894461274147034,"w":-0.6857072710990906},"size":4384.107421875,"orthographic":false}