{"cameraMode":{"drawMode":0,"name":"Shaded","section":"Shading Mode"},"sceneLighting":true,"audioPlay":false,"sceneViewState":{"showFog":true,"showMaterialUpdate":false,"showSkybox":true,"showFlares":true,"showImageEffects":true,"showParticleSystems":true},"in2DMode":false,"pivot":{"x":95.0911865234375,"y":-8.741455078125,"z":-34.87835693359375},"rotation":{"x":-0.21395951509475709,"y":-0.2085522711277008,"z":0.046811070293188098,"w":-0.9531755447387695},"size":1056.9617919921875,"orthographic":false}