{"cameraMode":{"drawMode":0,"name":"Shaded","section":"Shading Mode"},"sceneLighting":true,"audioPlay":false,"sceneViewState":{"showFog":true,"showMaterialUpdate":false,"showSkybox":true,"showFlares":true,"showImageEffects":true,"showParticleSystems":true},"in2DMode":false,"pivot":{"x":-12.02325439453125,"y":-3.6084957122802736,"z":-12.668060302734375},"rotation":{"x":-0.04864582419395447,"y":0.9199244976043701,"z":-0.12102685123682022,"w":-0.36977702379226687},"size":28.2386531829834,"orthographic":false}