{"cameraMode":{"drawMode":0,"name":"Shaded","section":"Shading Mode"},"sceneLighting":false,"audioPlay":false,"sceneViewState":{"showFog":true,"showMaterialUpdate":false,"showSkybox":false,"showFlares":true,"showImageEffects":true,"showParticleSystems":true},"in2DMode":false,"pivot":{"x":4.309999465942383,"y":0.9499998092651367,"z":0.0},"rotation":{"x":-0.34271055459976199,"y":-0.07597823441028595,"z":-0.027820447459816934,"w":0.9359526038169861},"size":23.336856842041017,"orthographic":true}