{"cameraMode":{"drawMode":0,"name":"Shaded","section":"Shading Mode"},"sceneLighting":true,"audioPlay":false,"sceneViewState":{"showFog":true,"showMaterialUpdate":false,"showSkybox":true,"showFlares":true,"showImageEffects":true,"showParticleSystems":true},"in2DMode":false,"pivot":{"x":93.12554931640625,"y":-379.787841796875,"z":42.15357208251953},"rotation":{"x":0.7066864371299744,"y":0.024390362203121187,"z":-0.024390332400798799,"w":0.7066859602928162},"size":1244.8782958984375,"orthographic":true}